target_id,target,sport,work_package,status,evidence,source,source_date,capabilities_validated,backend_tests,frontend_tests,device_tests,blocker_or_notes
espn:australian-football:afl,AFL,australian-football,W3-new-sports,candidate,sample-returned,https://site.api.espn.com/apis/site/v2/sports/australian-football/afl/scoreboard,2026-09-26T04:30Z,,not-run,not-run,not-run,
espn:baseball:caribbean-series,Caribbean Series,baseball,W2-team-and-soccer,candidate,sample-returned,https://site.api.espn.com/apis/site/v2/sports/baseball/caribbean-series/scoreboard,2026-02-08T01:00Z,,not-run,not-run,not-run,
espn:baseball:college-baseball,NCAA Baseball,baseball,W2-team-and-soccer,candidate,sample-returned,https://site.api.espn.com/apis/site/v2/sports/baseball/college-baseball/scoreboard,2026-06-22T23:00Z,,not-run,not-run,not-run,
espn:baseball:college-softball,NCAA Softball,baseball,W2-team-and-soccer,candidate,sample-returned,https://site.api.espn.com/apis/site/v2/sports/baseball/college-softball/scoreboard,2026-06-05T00:00Z,,not-run,not-run,not-run,
espn:baseball:dominican-winter-league,Dominican Winter League,baseball,W2-team-and-soccer,candidate,directory-only,https://site.api.espn.com/apis/site/v2/sports/baseball/dominican-winter-league/scoreboard,,,not-run,not-run,not-run,
espn:baseball:llb,Little League Baseball,baseball,W2-team-and-soccer,candidate,sample-returned,https://site.api.espn.com/apis/site/v2/sports/baseball/llb/scoreboard,2026-08-30T14:00Z,,not-run,not-run,not-run,
espn:baseball:lls,Little League Softball,baseball,W2-team-and-soccer,candidate,sample-returned,https://site.api.espn.com/apis/site/v2/sports/baseball/lls/scoreboard,2026-08-09T14:00Z,,not-run,not-run,not-run,
espn:baseball:mexican-winter-league,Mexican League,baseball,W2-team-and-soccer,candidate,directory-only,https://site.api.espn.com/apis/site/v2/sports/baseball/mexican-winter-league/scoreboard,,,not-run,not-run,not-run,
espn:baseball:olympics-baseball,Olympics Men's Baseball,baseball,W2-team-and-soccer,candidate,directory-only,https://site.api.espn.com/apis/site/v2/sports/baseball/olympics-baseball/scoreboard,,,not-run,not-run,not-run,
espn:baseball:puerto-rican-winter-league,Puerto Rican Winter League,baseball,W2-team-and-soccer,candidate,directory-only,https://site.api.espn.com/apis/site/v2/sports/baseball/puerto-rican-winter-league/scoreboard,,,not-run,not-run,not-run,
espn:baseball:venezuelan-winter-league,Venezuelan Winter League,baseball,W2-team-and-soccer,candidate,directory-only,https://site.api.espn.com/apis/site/v2/sports/baseball/venezuelan-winter-league/scoreboard,,,not-run,not-run,not-run,
espn:baseball:world-baseball-classic,World Baseball Classic,baseball,W2-team-and-soccer,candidate,sample-returned,https://site.api.espn.com/apis/site/v2/sports/baseball/world-baseball-classic/scoreboard,2026-03-18T00:00Z,,not-run,not-run,not-run,
espn:basketball:fiba,FIBA World Cup,basketball,W2-team-and-soccer,candidate,sample-returned,https://site.api.espn.com/apis/site/v2/sports/basketball/fiba/scoreboard,2026-09-13T14:30Z,,not-run,not-run,not-run,Verify competition/season/gender from event metadata; directory label alone is insufficient
espn:basketball:mens-olympics-basketball,Olympics Men's Basketball,basketball,W2-team-and-soccer,candidate,sample-returned,https://site.api.espn.com/apis/site/v2/sports/basketball/mens-olympics-basketball/scoreboard,2024-08-10T09:00Z,,not-run,not-run,not-run,Returned event predates 2026; validate current coverage or legitimate tournament cycle
espn:basketball:nba-development,NBA G League,basketball,W2-team-and-soccer,candidate,sample-returned,https://site.api.espn.com/apis/site/v2/sports/basketball/nba-development/scoreboard,2026-11-07T00:00Z,,not-run,not-run,not-run,
espn:basketball:nba-summer-california,NBA California Classic Summer League,basketball,W2-team-and-soccer,candidate,directory-only,https://site.api.espn.com/apis/site/v2/sports/basketball/nba-summer-california/scoreboard,,,not-run,not-run,not-run,
espn:basketball:nba-summer-golden-state,Golden State Summer League,basketball,W2-team-and-soccer,candidate,directory-only,https://site.api.espn.com/apis/site/v2/sports/basketball/nba-summer-golden-state/scoreboard,,,not-run,not-run,not-run,
espn:basketball:nba-summer-las-vegas,Las Vegas Summer League,basketball,W2-team-and-soccer,candidate,sample-returned,https://site.api.espn.com/apis/site/v2/sports/basketball/nba-summer-las-vegas/scoreboard,2026-07-19T20:30Z,,not-run,not-run,not-run,
espn:basketball:nba-summer-orlando,Orlando Summer League,basketball,W2-team-and-soccer,candidate,directory-only,https://site.api.espn.com/apis/site/v2/sports/basketball/nba-summer-orlando/scoreboard,,,not-run,not-run,not-run,
espn:basketball:nba-summer-sacramento,Sacramento Summer League,basketball,W2-team-and-soccer,candidate,directory-only,https://site.api.espn.com/apis/site/v2/sports/basketball/nba-summer-sacramento/scoreboard,,,not-run,not-run,not-run,
espn:basketball:nba-summer-utah,Salt Lake City Summer League,basketball,W2-team-and-soccer,candidate,directory-only,https://site.api.espn.com/apis/site/v2/sports/basketball/nba-summer-utah/scoreboard,,,not-run,not-run,not-run,
espn:basketball:nbl,National Basketball League,basketball,W2-team-and-soccer,candidate,sample-returned,https://site.api.espn.com/apis/site/v2/sports/basketball/nbl/scoreboard,2026-09-24T09:30Z,,not-run,not-run,not-run,
espn:basketball:womens-olympics-basketball,Olympics Women's Basketball,basketball,W2-team-and-soccer,candidate,sample-returned,https://site.api.espn.com/apis/site/v2/sports/basketball/womens-olympics-basketball/scoreboard,2024-08-11T09:30Z,,not-run,not-run,not-run,Returned event predates 2026; validate current coverage or legitimate tournament cycle
espn:field-hockey:womens-college-field-hockey,NCAA Women's Field Hockey,field-hockey,W3-new-sports,candidate,sample-returned,https://site.api.espn.com/apis/site/v2/sports/field-hockey/womens-college-field-hockey/scoreboard,2026-09-24T14:00Z,,not-run,not-run,not-run,
espn:football:cfl,Canadian Football League,football,W6-source-resolution,candidate,sample-returned,https://site.api.espn.com/apis/site/v2/sports/football/cfl/scoreboard,2022-11-20T23:00Z,,not-run,not-run,not-run,Returned event predates 2026; validate current coverage or legitimate tournament cycle
espn:football:ufl,United Football League,football,W2-team-and-soccer,candidate,sample-returned,https://site.api.espn.com/apis/site/v2/sports/football/ufl/scoreboard,2026-06-13T19:00Z,,not-run,not-run,not-run,
espn:football:xfl,XFL,football,W2-team-and-soccer,candidate,directory-only,https://site.api.espn.com/apis/site/v2/sports/football/xfl/scoreboard,,,not-run,not-run,not-run,
espn:golf:champions-tour,PGA Tour Champions,golf,W4-golf,candidate,sample-returned,https://site.api.espn.com/apis/site/v2/sports/golf/champions-tour/scoreboard,2026-10-02T04:00Z,,not-run,not-run,not-run,Sample has no competitors; schedule availability is not leaderboard/result availability
espn:golf:eur,DP World Tour,golf,W4-golf,candidate,sample-returned,https://site.api.espn.com/apis/site/v2/sports/golf/eur/scoreboard,2026-09-24T04:00Z,,not-run,not-run,not-run,
espn:golf:liv,LIV Golf Invitational Series,golf,W4-golf,candidate,sample-returned,https://site.api.espn.com/apis/site/v2/sports/golf/liv/scoreboard,2026-08-30T04:00Z,,not-run,not-run,not-run,Sample has no competitors; schedule availability is not leaderboard/result availability
espn:golf:lpga,Ladies Pro Golf Association,golf,W4-golf,candidate,sample-returned,https://site.api.espn.com/apis/site/v2/sports/golf/lpga/scoreboard,2026-09-25T04:00Z,,not-run,not-run,not-run,
espn:golf:mens-olympics-golf,Olympic Golf - Men,golf,W4-golf,candidate,directory-only,https://site.api.espn.com/apis/site/v2/sports/golf/mens-olympics-golf/scoreboard,,,not-run,not-run,not-run,
espn:golf:ntw,Korn Ferry Tour,golf,W4-golf,candidate,sample-returned,https://site.api.espn.com/apis/site/v2/sports/golf/ntw/scoreboard,2026-10-01T04:00Z,,not-run,not-run,not-run,Sample has no competitors; schedule availability is not leaderboard/result availability
espn:golf:tgl,TGL,golf,W4-golf,candidate,sample-returned,https://site.api.espn.com/apis/site/v2/sports/golf/tgl/scoreboard,2026-03-24T01:00Z,,not-run,not-run,not-run,Team golf with multiple competitions; do not use PGA athlete-only normalizer
espn:golf:womens-olympics-golf,Olympic Golf - Women,golf,W4-golf,candidate,directory-only,https://site.api.espn.com/apis/site/v2/sports/golf/womens-olympics-golf/scoreboard,,,not-run,not-run,not-run,
espn:hockey:hockey-world-cup,World Cup of Hockey,hockey,W2-team-and-soccer,candidate,directory-only,https://site.api.espn.com/apis/site/v2/sports/hockey/hockey-world-cup/scoreboard,,,not-run,not-run,not-run,
espn:hockey:mens-college-hockey,NCAA Men's Ice Hockey,hockey,W2-team-and-soccer,candidate,sample-returned,https://site.api.espn.com/apis/site/v2/sports/hockey/mens-college-hockey/scoreboard,2026-10-02T22:00Z,,not-run,not-run,not-run,
espn:hockey:olympics-mens-ice-hockey,Men's Ice Hockey,hockey,W2-team-and-soccer,candidate,directory-only,https://site.api.espn.com/apis/site/v2/sports/hockey/olympics-mens-ice-hockey/scoreboard,,,not-run,not-run,not-run,
espn:hockey:olympics-womens-ice-hockey,Women's Ice Hockey,hockey,W2-team-and-soccer,candidate,directory-only,https://site.api.espn.com/apis/site/v2/sports/hockey/olympics-womens-ice-hockey/scoreboard,,,not-run,not-run,not-run,
espn:hockey:womens-college-hockey,NCAA Women's Hockey,hockey,W2-team-and-soccer,candidate,sample-returned,https://site.api.espn.com/apis/site/v2/sports/hockey/womens-college-hockey/scoreboard,2026-09-24T21:00Z,,not-run,not-run,not-run,
espn:lacrosse:mens-college-lacrosse,NCAA Men's Lacrosse,lacrosse,W3-new-sports,candidate,sample-returned,https://site.api.espn.com/apis/site/v2/sports/lacrosse/mens-college-lacrosse/scoreboard,2026-05-25T17:00Z,,not-run,not-run,not-run,
espn:lacrosse:nll,National Lacrosse League,lacrosse,W3-new-sports,candidate,sample-returned,https://site.api.espn.com/apis/site/v2/sports/lacrosse/nll/scoreboard,2026-05-17T22:00Z,,not-run,not-run,not-run,
espn:lacrosse:pll,Premier Lacrosse League,lacrosse,W3-new-sports,candidate,sample-returned,https://site.api.espn.com/apis/site/v2/sports/lacrosse/pll/scoreboard,2026-09-20T16:30Z,,not-run,not-run,not-run,
espn:lacrosse:womens-college-lacrosse,NCAA Women's Lacrosse,lacrosse,W3-new-sports,candidate,sample-returned,https://site.api.espn.com/apis/site/v2/sports/lacrosse/womens-college-lacrosse/scoreboard,2026-05-24T16:00Z,,not-run,not-run,not-run,
espn:mma:absolute,Absolute Championship Berkut,mma,W5-combat,candidate,directory-only,https://site.api.espn.com/apis/site/v2/sports/mma/absolute/scoreboard,,,not-run,not-run,not-run,
espn:mma:affliction,Affliction,mma,W5-combat,candidate,directory-only,https://site.api.espn.com/apis/site/v2/sports/mma/affliction/scoreboard,,,not-run,not-run,not-run,
espn:mma:bang-fighting,Bang Fighting Championships,mma,W5-combat,candidate,directory-only,https://site.api.espn.com/apis/site/v2/sports/mma/bang-fighting/scoreboard,,,not-run,not-run,not-run,
espn:mma:banni-fight,Banni Fight Combat,mma,W5-combat,candidate,directory-only,https://site.api.espn.com/apis/site/v2/sports/mma/banni-fight/scoreboard,,,not-run,not-run,not-run,
espn:mma:banzay,Banzay Fight Championship,mma,W5-combat,candidate,directory-only,https://site.api.espn.com/apis/site/v2/sports/mma/banzay/scoreboard,,,not-run,not-run,not-run,
espn:mma:barracao,Barracao Fight Championship,mma,W5-combat,candidate,directory-only,https://site.api.espn.com/apis/site/v2/sports/mma/barracao/scoreboard,,,not-run,not-run,not-run,
espn:mma:battlezone,Battlezone Fighting Championships,mma,W5-combat,candidate,directory-only,https://site.api.espn.com/apis/site/v2/sports/mma/battlezone/scoreboard,,,not-run,not-run,not-run,
espn:mma:bellator,Bellator Fighting Championship,mma,W5-combat,candidate,directory-only,https://site.api.espn.com/apis/site/v2/sports/mma/bellator/scoreboard,,,not-run,not-run,not-run,
espn:mma:benevides,Benevides Fight Championship,mma,W5-combat,candidate,directory-only,https://site.api.espn.com/apis/site/v2/sports/mma/benevides/scoreboard,,,not-run,not-run,not-run,
espn:mma:big-fight,Big Fight Champions,mma,W5-combat,candidate,directory-only,https://site.api.espn.com/apis/site/v2/sports/mma/big-fight/scoreboard,,,not-run,not-run,not-run,
espn:mma:blackout,Blackout Fighting Championship,mma,W5-combat,candidate,directory-only,https://site.api.espn.com/apis/site/v2/sports/mma/blackout/scoreboard,,,not-run,not-run,not-run,
espn:mma:bosnia,Bosnia Fight Championship,mma,W5-combat,candidate,directory-only,https://site.api.espn.com/apis/site/v2/sports/mma/bosnia/scoreboard,,,not-run,not-run,not-run,
espn:mma:boxe,Boxe Fight Combat,mma,W5-combat,candidate,directory-only,https://site.api.espn.com/apis/site/v2/sports/mma/boxe/scoreboard,,,not-run,not-run,not-run,
espn:mma:brazilian-freestyle,Brazilian Freestyle Circuit,mma,W5-combat,candidate,directory-only,https://site.api.espn.com/apis/site/v2/sports/mma/brazilian-freestyle/scoreboard,,,not-run,not-run,not-run,
espn:mma:budo,Budo Fighting Championships,mma,W5-combat,candidate,directory-only,https://site.api.espn.com/apis/site/v2/sports/mma/budo/scoreboard,,,not-run,not-run,not-run,
espn:mma:cage-warriors,Cage Warriors Fighting Championship,mma,W5-combat,candidate,directory-only,https://site.api.espn.com/apis/site/v2/sports/mma/cage-warriors/scoreboard,,,not-run,not-run,not-run,
espn:mma:dream,Dream,mma,W5-combat,candidate,directory-only,https://site.api.espn.com/apis/site/v2/sports/mma/dream/scoreboard,,,not-run,not-run,not-run,
espn:mma:fng,Fight Nights Global,mma,W5-combat,candidate,directory-only,https://site.api.espn.com/apis/site/v2/sports/mma/fng/scoreboard,,,not-run,not-run,not-run,
espn:mma:ifc,Invicta FC,mma,W5-combat,candidate,sample-returned,https://site.api.espn.com/apis/site/v2/sports/mma/ifc/scoreboard,2025-04-04T04:00Z,,not-run,not-run,not-run,Returned event predates 2026; validate current coverage or legitimate tournament cycle
espn:mma:ifl,International Fight League,mma,W5-combat,candidate,directory-only,https://site.api.espn.com/apis/site/v2/sports/mma/ifl/scoreboard,,,not-run,not-run,not-run,
espn:mma:k1,K-1,mma,W5-combat,candidate,directory-only,https://site.api.espn.com/apis/site/v2/sports/mma/k1/scoreboard,,,not-run,not-run,not-run,
espn:mma:ksw,Konfrontacja Sztuk Walki,mma,W5-combat,candidate,sample-returned,https://site.api.espn.com/apis/site/v2/sports/mma/ksw/scoreboard,2024-12-20T05:00Z,,not-run,not-run,not-run,Returned event predates 2026; validate current coverage or legitimate tournament cycle
espn:mma:lfa,Legacy Fighting Alliance,mma,W5-combat,candidate,directory-only,https://site.api.espn.com/apis/site/v2/sports/mma/lfa/scoreboard,,,not-run,not-run,not-run,
espn:mma:lfc,Legacy Fighting Championship,mma,W5-combat,candidate,directory-only,https://site.api.espn.com/apis/site/v2/sports/mma/lfc/scoreboard,,,not-run,not-run,not-run,
espn:mma:m1,M-1 Mix-Fight Championship,mma,W5-combat,candidate,directory-only,https://site.api.espn.com/apis/site/v2/sports/mma/m1/scoreboard,,,not-run,not-run,not-run,
espn:mma:mfc,Maximum Fighting Championship,mma,W5-combat,candidate,directory-only,https://site.api.espn.com/apis/site/v2/sports/mma/mfc/scoreboard,,,not-run,not-run,not-run,
espn:mma:mvp,MVP,mma,W5-combat,candidate,directory-only,https://site.api.espn.com/apis/site/v2/sports/mma/mvp/scoreboard,,,not-run,not-run,not-run,
espn:mma:ofc,One Fighting Championship,mma,W5-combat,candidate,sample-returned,https://site.api.espn.com/apis/site/v2/sports/mma/ofc/scoreboard,2026-02-27T05:00Z,,not-run,not-run,not-run,
espn:mma:other,Other,mma,W5-combat,candidate,directory-only,https://site.api.espn.com/apis/site/v2/sports/mma/other/scoreboard,,,not-run,not-run,not-run,
espn:mma:pancrase,Pancrase,mma,W5-combat,candidate,directory-only,https://site.api.espn.com/apis/site/v2/sports/mma/pancrase/scoreboard,,,not-run,not-run,not-run,
espn:mma:pfl,Professional Fighters League,mma,W5-combat,candidate,sample-returned,https://site.api.espn.com/apis/site/v2/sports/mma/pfl/scoreboard,2026-10-16T22:00Z,,not-run,not-run,not-run,
espn:mma:pride,PRIDE Fighting Championships,mma,W5-combat,candidate,directory-only,https://site.api.espn.com/apis/site/v2/sports/mma/pride/scoreboard,,,not-run,not-run,not-run,
espn:mma:proelite,ProElite,mma,W5-combat,candidate,directory-only,https://site.api.espn.com/apis/site/v2/sports/mma/proelite/scoreboard,,,not-run,not-run,not-run,
espn:mma:rfa,Resurrection Fighting Alliance,mma,W5-combat,candidate,directory-only,https://site.api.espn.com/apis/site/v2/sports/mma/rfa/scoreboard,,,not-run,not-run,not-run,
espn:mma:rizin,Rizin Fight Federation,mma,W5-combat,candidate,sample-returned,https://site.api.espn.com/apis/site/v2/sports/mma/rizin/scoreboard,2024-12-31T05:00Z,,not-run,not-run,not-run,Returned event predates 2026; validate current coverage or legitimate tournament cycle
espn:mma:roc,Ring of Combat,mma,W5-combat,candidate,directory-only,https://site.api.espn.com/apis/site/v2/sports/mma/roc/scoreboard,,,not-run,not-run,not-run,
espn:mma:sfl,Super Fight League,mma,W5-combat,candidate,directory-only,https://site.api.espn.com/apis/site/v2/sports/mma/sfl/scoreboard,,,not-run,not-run,not-run,
espn:mma:shark-fights,Shark Fights,mma,W5-combat,candidate,directory-only,https://site.api.espn.com/apis/site/v2/sports/mma/shark-fights/scoreboard,,,not-run,not-run,not-run,
espn:mma:shooto-brazil,Shooto Brazil,mma,W5-combat,candidate,directory-only,https://site.api.espn.com/apis/site/v2/sports/mma/shooto-brazil/scoreboard,,,not-run,not-run,not-run,
espn:mma:shooto-japan,Shooto Japan,mma,W5-combat,candidate,directory-only,https://site.api.espn.com/apis/site/v2/sports/mma/shooto-japan/scoreboard,,,not-run,not-run,not-run,
espn:mma:shoxc,ShoXC: Showtime Xtreme Combat,mma,W5-combat,candidate,directory-only,https://site.api.espn.com/apis/site/v2/sports/mma/shoxc/scoreboard,,,not-run,not-run,not-run,
espn:mma:strikeforce,Strikeforce,mma,W5-combat,candidate,directory-only,https://site.api.espn.com/apis/site/v2/sports/mma/strikeforce/scoreboard,,,not-run,not-run,not-run,
espn:mma:tfc,Titan Fighting Championships,mma,W5-combat,candidate,directory-only,https://site.api.espn.com/apis/site/v2/sports/mma/tfc/scoreboard,,,not-run,not-run,not-run,
espn:mma:tpf,Tachi Palace Fights,mma,W5-combat,candidate,directory-only,https://site.api.espn.com/apis/site/v2/sports/mma/tpf/scoreboard,,,not-run,not-run,not-run,
espn:mma:vfc,Victory Fighting Championship,mma,W5-combat,candidate,directory-only,https://site.api.espn.com/apis/site/v2/sports/mma/vfc/scoreboard,,,not-run,not-run,not-run,
espn:mma:wec,World Extreme Cagefighting,mma,W5-combat,candidate,directory-only,https://site.api.espn.com/apis/site/v2/sports/mma/wec/scoreboard,,,not-run,not-run,not-run,
espn:mma:xfc,Xtreme Fighting Championships,mma,W5-combat,candidate,directory-only,https://site.api.espn.com/apis/site/v2/sports/mma/xfc/scoreboard,,,not-run,not-run,not-run,
espn:racing:nascar-secondary,NASCAR O'Reilly Auto Parts Series,racing,W5-racing,candidate,sample-returned,https://site.api.espn.com/apis/site/v2/sports/racing/nascar-secondary/scoreboard,2026-10-03T23:30Z,,not-run,not-run,not-run,Sample has no competitors; schedule availability is not leaderboard/result availability
espn:racing:nascar-truck,NASCAR Truck Series,racing,W5-racing,candidate,sample-returned,https://site.api.espn.com/apis/site/v2/sports/racing/nascar-truck/scoreboard,2026-09-26T17:00Z,,not-run,not-run,not-run,Sample has no competitors; schedule availability is not leaderboard/result availability
espn:rugby:268565,British and Irish Lions Tour,rugby,W2-team-and-soccer,candidate,directory-only,https://site.api.espn.com/apis/site/v2/sports/rugby/268565/scoreboard,,,not-run,not-run,not-run,
espn:rugby:244293,The Rugby Championship,rugby,W2-team-and-soccer,candidate,sample-returned,https://site.api.espn.com/apis/site/v2/sports/rugby/244293/scoreboard,2025-10-04T10:05Z,,not-run,not-run,not-run,Returned event predates 2026; validate current coverage or legitimate tournament cycle
espn:rugby:271937,European Rugby Champions Cup,rugby,W2-team-and-soccer,candidate,sample-returned,https://site.api.espn.com/apis/site/v2/sports/rugby/271937/scoreboard,2026-10-16T19:00Z,,not-run,not-run,not-run,
espn:rugby:272073,European Rugby Challenge Cup,rugby,W2-team-and-soccer,candidate,directory-only,https://site.api.espn.com/apis/site/v2/sports/rugby/272073/scoreboard,,,not-run,not-run,not-run,
espn:rugby:270557,United Rugby Championship,rugby,W2-team-and-soccer,candidate,sample-returned,https://site.api.espn.com/apis/site/v2/sports/rugby/270557/scoreboard,2026-09-25T18:45Z,,not-run,not-run,not-run,
espn:rugby:2009,URBA Primera A,rugby,W2-team-and-soccer,candidate,directory-only,https://site.api.espn.com/apis/site/v2/sports/rugby/2009/scoreboard,,,not-run,not-run,not-run,
espn:rugby:17567,Nations Championship,rugby,W2-team-and-soccer,candidate,directory-only,https://site.api.espn.com/apis/site/v2/sports/rugby/17567/scoreboard,,,not-run,not-run,not-run,
espn:rugby:289279,URBA Top 14,rugby,W2-team-and-soccer,candidate,directory-only,https://site.api.espn.com/apis/site/v2/sports/rugby/289279/scoreboard,,,not-run,not-run,not-run,
espn:rugby:270563,Mitre 10 Cup,rugby,W2-team-and-soccer,candidate,directory-only,https://site.api.espn.com/apis/site/v2/sports/rugby/270563/scoreboard,,,not-run,not-run,not-run,
espn:rugby:282,Olympic Men's 7s,rugby,W2-team-and-soccer,candidate,directory-only,https://site.api.espn.com/apis/site/v2/sports/rugby/282/scoreboard,,,not-run,not-run,not-run,
espn:rugby:283,Olympic Women's Rugby Sevens,rugby,W2-team-and-soccer,candidate,directory-only,https://site.api.espn.com/apis/site/v2/sports/rugby/283/scoreboard,,,not-run,not-run,not-run,
espn:rugby:289237,Women's Rugby World Cup,rugby,W2-team-and-soccer,candidate,sample-returned,https://site.api.espn.com/apis/site/v2/sports/rugby/289237/scoreboard,2025-09-27T11:30Z,,not-run,not-run,not-run,Returned event predates 2026; validate current coverage or legitimate tournament cycle
espn:rugby:289262,Major League Rugby,rugby,W2-team-and-soccer,candidate,sample-returned,https://site.api.espn.com/apis/site/v2/sports/rugby/289262/scoreboard,2026-06-21T23:30Z,,not-run,not-run,not-run,
espn:rugby:289234,International Test Match,rugby,W2-team-and-soccer,candidate,directory-only,https://site.api.espn.com/apis/site/v2/sports/rugby/289234/scoreboard,,,not-run,not-run,not-run,
espn:soccer:eng.fa,English FA Cup,soccer,W2-team-and-soccer,candidate,sample-returned,https://site.api.espn.com/apis/site/v2/sports/soccer/eng.fa/scoreboard,2026-05-16T14:00Z,,not-run,not-run,not-run,
espn:soccer:eng.league_cup,English Carabao Cup,soccer,W2-team-and-soccer,candidate,sample-returned,https://site.api.espn.com/apis/site/v2/sports/soccer/eng.league_cup/scoreboard,2026-09-17T18:30Z,,not-run,not-run,not-run,
espn:soccer:eng.charity,English FA Community Shield,soccer,W2-team-and-soccer,candidate,directory-only,https://site.api.espn.com/apis/site/v2/sports/soccer/eng.charity/scoreboard,,,not-run,not-run,not-run,
espn:soccer:uefa.nations,UEFA Nations League,soccer,W2-team-and-soccer,candidate,directory-only,https://site.api.espn.com/apis/site/v2/sports/soccer/uefa.nations/scoreboard,,,not-run,not-run,not-run,
espn:soccer:fifa.friendly,International Friendly,soccer,W2-team-and-soccer,candidate,directory-only,https://site.api.espn.com/apis/site/v2/sports/soccer/fifa.friendly/scoreboard,,,not-run,not-run,not-run,
espn:soccer:esp.super_cup,Spanish Supercopa,soccer,W2-team-and-soccer,candidate,directory-only,https://site.api.espn.com/apis/site/v2/sports/soccer/esp.super_cup/scoreboard,,,not-run,not-run,not-run,
espn:soccer:esp.copa_del_rey,Spanish Copa del Rey,soccer,W2-team-and-soccer,candidate,directory-only,https://site.api.espn.com/apis/site/v2/sports/soccer/esp.copa_del_rey/scoreboard,,,not-run,not-run,not-run,
espn:soccer:concacaf.leagues.cup,Leagues Cup,soccer,W2-team-and-soccer,candidate,directory-only,https://site.api.espn.com/apis/site/v2/sports/soccer/concacaf.leagues.cup/scoreboard,,,not-run,not-run,not-run,
espn:soccer:campeones.cup,Campeones Cup,soccer,W2-team-and-soccer,candidate,directory-only,https://site.api.espn.com/apis/site/v2/sports/soccer/campeones.cup/scoreboard,,,not-run,not-run,not-run,
espn:soccer:fifa.shebelieves,SheBelieves Cup,soccer,W2-team-and-soccer,candidate,directory-only,https://site.api.espn.com/apis/site/v2/sports/soccer/fifa.shebelieves/scoreboard,,,not-run,not-run,not-run,
espn:soccer:fifa.w.champions_cup,FIFA Women's Champions Cup,soccer,W2-team-and-soccer,candidate,directory-only,https://site.api.espn.com/apis/site/v2/sports/soccer/fifa.w.champions_cup/scoreboard,,,not-run,not-run,not-run,
espn:soccer:uefa.wchampions,UEFA Women's Champions League,soccer,W2-team-and-soccer,candidate,sample-returned,https://site.api.espn.com/apis/site/v2/sports/soccer/uefa.wchampions/scoreboard,2026-09-23T16:45Z,,not-run,not-run,not-run,
espn:soccer:ger.playoff.relegation,German Bundesliga Promotion/Relegation Playoff,soccer,W2-team-and-soccer,candidate,directory-only,https://site.api.espn.com/apis/site/v2/sports/soccer/ger.playoff.relegation/scoreboard,,,not-run,not-run,not-run,
espn:soccer:ger.dfb_pokal,German Cup,soccer,W2-team-and-soccer,candidate,directory-only,https://site.api.espn.com/apis/site/v2/sports/soccer/ger.dfb_pokal/scoreboard,,,not-run,not-run,not-run,
espn:soccer:ita.coppa_italia,Coppa Italia,soccer,W2-team-and-soccer,candidate,directory-only,https://site.api.espn.com/apis/site/v2/sports/soccer/ita.coppa_italia/scoreboard,,,not-run,not-run,not-run,
espn:soccer:fra.super_cup,French Trophee des Champions,soccer,W2-team-and-soccer,candidate,directory-only,https://site.api.espn.com/apis/site/v2/sports/soccer/fra.super_cup/scoreboard,,,not-run,not-run,not-run,
espn:soccer:ita.super_cup,Italian Supercoppa,soccer,W2-team-and-soccer,candidate,directory-only,https://site.api.espn.com/apis/site/v2/sports/soccer/ita.super_cup/scoreboard,,,not-run,not-run,not-run,
espn:soccer:ger.super_cup,German Supercup,soccer,W2-team-and-soccer,candidate,directory-only,https://site.api.espn.com/apis/site/v2/sports/soccer/ger.super_cup/scoreboard,,,not-run,not-run,not-run,
espn:soccer:eng.w.1,English Women's Super League,soccer,W2-team-and-soccer,candidate,sample-returned,https://site.api.espn.com/apis/site/v2/sports/soccer/eng.w.1/scoreboard,2026-09-26T12:30Z,,not-run,not-run,not-run,
espn:soccer:eng.w.promotion.relegation,English Women's Super League Promotion/Relegation Playoff,soccer,W2-team-and-soccer,candidate,directory-only,https://site.api.espn.com/apis/site/v2/sports/soccer/eng.w.promotion.relegation/scoreboard,,,not-run,not-run,not-run,
espn:soccer:fra.coupe_de_france,Coupe de France,soccer,W2-team-and-soccer,candidate,directory-only,https://site.api.espn.com/apis/site/v2/sports/soccer/fra.coupe_de_france/scoreboard,,,not-run,not-run,not-run,
espn:soccer:usa.open,U.S. Open Cup,soccer,W2-team-and-soccer,candidate,directory-only,https://site.api.espn.com/apis/site/v2/sports/soccer/usa.open/scoreboard,,,not-run,not-run,not-run,
espn:soccer:ksa.1,Saudi Pro League,soccer,W2-team-and-soccer,candidate,directory-only,https://site.api.espn.com/apis/site/v2/sports/soccer/ksa.1/scoreboard,,,not-run,not-run,not-run,
espn:soccer:concacaf.nations.league,Concacaf Nations League,soccer,W2-team-and-soccer,candidate,directory-only,https://site.api.espn.com/apis/site/v2/sports/soccer/concacaf.nations.league/scoreboard,,,not-run,not-run,not-run,
espn:soccer:conmebol.libertadores,CONMEBOL Libertadores,soccer,W2-team-and-soccer,candidate,sample-returned,https://site.api.espn.com/apis/site/v2/sports/soccer/conmebol.libertadores/scoreboard,2026-09-18T00:30Z,,not-run,not-run,not-run,
espn:soccer:concacaf.champions,Concacaf Champions Cup,soccer,W2-team-and-soccer,candidate,directory-only,https://site.api.espn.com/apis/site/v2/sports/soccer/concacaf.champions/scoreboard,,,not-run,not-run,not-run,
espn:soccer:fifa.worldq.uefa,FIFA World Cup Qualifying - UEFA,soccer,W2-team-and-soccer,candidate,sample-returned,https://site.api.espn.com/apis/site/v2/sports/soccer/fifa.worldq.uefa/scoreboard,2026-03-31T18:45Z,,not-run,not-run,not-run,
espn:soccer:fifa.wcq.ply,FIFA World Cup Qualifying - Playoff Tournament,soccer,W2-team-and-soccer,candidate,directory-only,https://site.api.espn.com/apis/site/v2/sports/soccer/fifa.wcq.ply/scoreboard,,,not-run,not-run,not-run,
espn:soccer:fifa.worldq.concacaf,FIFA World Cup Qualifying - Concacaf,soccer,W2-team-and-soccer,candidate,directory-only,https://site.api.espn.com/apis/site/v2/sports/soccer/fifa.worldq.concacaf/scoreboard,,,not-run,not-run,not-run,
espn:soccer:fifa.worldq.afc,FIFA World Cup Qualifying - AFC,soccer,W2-team-and-soccer,candidate,directory-only,https://site.api.espn.com/apis/site/v2/sports/soccer/fifa.worldq.afc/scoreboard,,,not-run,not-run,not-run,
espn:soccer:fifa.worldq.caf,FIFA World Cup Qualifying - CAF,soccer,W2-team-and-soccer,candidate,directory-only,https://site.api.espn.com/apis/site/v2/sports/soccer/fifa.worldq.caf/scoreboard,,,not-run,not-run,not-run,
espn:soccer:fifa.worldq.conmebol,FIFA World Cup Qualifying - CONMEBOL,soccer,W2-team-and-soccer,candidate,directory-only,https://site.api.espn.com/apis/site/v2/sports/soccer/fifa.worldq.conmebol/scoreboard,,,not-run,not-run,not-run,
espn:soccer:fifa.worldq.ofc,FIFA World Cup Qualifying - OFC,soccer,W2-team-and-soccer,candidate,directory-only,https://site.api.espn.com/apis/site/v2/sports/soccer/fifa.worldq.ofc/scoreboard,,,not-run,not-run,not-run,
espn:soccer:fifa.friendly.w,Women's International Friendly,soccer,W2-team-and-soccer,candidate,directory-only,https://site.api.espn.com/apis/site/v2/sports/soccer/fifa.friendly.w/scoreboard,,,not-run,not-run,not-run,
espn:soccer:fifa.wworldq.uefa,FIFA Women's World Cup Qualifying - UEFA,soccer,W2-team-and-soccer,candidate,directory-only,https://site.api.espn.com/apis/site/v2/sports/soccer/fifa.wworldq.uefa/scoreboard,,,not-run,not-run,not-run,
espn:soccer:fifa.wwcq.ply,FIFA Women's World Cup Qualifying - Playoff Tournament,soccer,W2-team-and-soccer,candidate,directory-only,https://site.api.espn.com/apis/site/v2/sports/soccer/fifa.wwcq.ply/scoreboard,,,not-run,not-run,not-run,
espn:soccer:uefa.w.nations,UEFA Women's Nations League,soccer,W2-team-and-soccer,candidate,directory-only,https://site.api.espn.com/apis/site/v2/sports/soccer/uefa.w.nations/scoreboard,,,not-run,not-run,not-run,
espn:soccer:usa.w.usl.1,USL Super League,soccer,W2-team-and-soccer,candidate,directory-only,https://site.api.espn.com/apis/site/v2/sports/soccer/usa.w.usl.1/scoreboard,,,not-run,not-run,not-run,
espn:soccer:uefa.champions_qual,UEFA Champions League Qualifying,soccer,W2-team-and-soccer,candidate,directory-only,https://site.api.espn.com/apis/site/v2/sports/soccer/uefa.champions_qual/scoreboard,,,not-run,not-run,not-run,
espn:soccer:uefa.wchampions_qual,UEFA Women's Champions League Qualifying,soccer,W2-team-and-soccer,candidate,directory-only,https://site.api.espn.com/apis/site/v2/sports/soccer/uefa.wchampions_qual/scoreboard,,,not-run,not-run,not-run,
espn:soccer:eng.w.fa,English Women's FA Cup,soccer,W2-team-and-soccer,candidate,directory-only,https://site.api.espn.com/apis/site/v2/sports/soccer/eng.w.fa/scoreboard,,,not-run,not-run,not-run,
espn:soccer:eng.w.league_cup,English WSL Players Cup,soccer,W2-team-and-soccer,candidate,directory-only,https://site.api.espn.com/apis/site/v2/sports/soccer/eng.w.league_cup/scoreboard,,,not-run,not-run,not-run,
espn:soccer:esp.w.1,Spanish Liga F,soccer,W2-team-and-soccer,candidate,directory-only,https://site.api.espn.com/apis/site/v2/sports/soccer/esp.w.1/scoreboard,,,not-run,not-run,not-run,
espn:soccer:esp.copa_de_la_reina,Spanish Copa de la Reina,soccer,W2-team-and-soccer,candidate,directory-only,https://site.api.espn.com/apis/site/v2/sports/soccer/esp.copa_de_la_reina/scoreboard,,,not-run,not-run,not-run,
espn:soccer:fra.w.1,French Première Ligue,soccer,W2-team-and-soccer,candidate,directory-only,https://site.api.espn.com/apis/site/v2/sports/soccer/fra.w.1/scoreboard,,,not-run,not-run,not-run,
espn:soccer:ned.cup,Dutch KNVB Beker,soccer,W2-team-and-soccer,candidate,directory-only,https://site.api.espn.com/apis/site/v2/sports/soccer/ned.cup/scoreboard,,,not-run,not-run,not-run,
espn:soccer:sco.1,Scottish Premiership,soccer,W2-team-and-soccer,candidate,directory-only,https://site.api.espn.com/apis/site/v2/sports/soccer/sco.1/scoreboard,,,not-run,not-run,not-run,
espn:soccer:sco.tennents,Scottish Cup,soccer,W2-team-and-soccer,candidate,directory-only,https://site.api.espn.com/apis/site/v2/sports/soccer/sco.tennents/scoreboard,,,not-run,not-run,not-run,
espn:soccer:sco.cis,Scottish League Cup,soccer,W2-team-and-soccer,candidate,directory-only,https://site.api.espn.com/apis/site/v2/sports/soccer/sco.cis/scoreboard,,,not-run,not-run,not-run,
espn:soccer:aus.1,Australian A-League Men,soccer,W2-team-and-soccer,candidate,directory-only,https://site.api.espn.com/apis/site/v2/sports/soccer/aus.1/scoreboard,,,not-run,not-run,not-run,
espn:soccer:aus.w.1,Australian A-League Women,soccer,W2-team-and-soccer,candidate,directory-only,https://site.api.espn.com/apis/site/v2/sports/soccer/aus.w.1/scoreboard,,,not-run,not-run,not-run,
espn:soccer:ksa.kings.cup,Saudi King's Cup,soccer,W2-team-and-soccer,candidate,directory-only,https://site.api.espn.com/apis/site/v2/sports/soccer/ksa.kings.cup/scoreboard,,,not-run,not-run,not-run,
espn:soccer:por.taca.portugal,Taca de Portugal,soccer,W2-team-and-soccer,candidate,directory-only,https://site.api.espn.com/apis/site/v2/sports/soccer/por.taca.portugal/scoreboard,,,not-run,not-run,not-run,
espn:soccer:tur.1,Turkish Super Lig,soccer,W2-team-and-soccer,candidate,directory-only,https://site.api.espn.com/apis/site/v2/sports/soccer/tur.1/scoreboard,,,not-run,not-run,not-run,
espn:soccer:caf.nations,Africa Cup of Nations,soccer,W2-team-and-soccer,candidate,directory-only,https://site.api.espn.com/apis/site/v2/sports/soccer/caf.nations/scoreboard,,,not-run,not-run,not-run,
espn:soccer:afc.champions,AFC Champions League Elite,soccer,W2-team-and-soccer,candidate,directory-only,https://site.api.espn.com/apis/site/v2/sports/soccer/afc.champions/scoreboard,,,not-run,not-run,not-run,
espn:soccer:caf.nations_qual,Africa Cup of Nations Qualifying,soccer,W2-team-and-soccer,candidate,directory-only,https://site.api.espn.com/apis/site/v2/sports/soccer/caf.nations_qual/scoreboard,,,not-run,not-run,not-run,
espn:soccer:afc.cup,AFC Champions League Two,soccer,W2-team-and-soccer,candidate,directory-only,https://site.api.espn.com/apis/site/v2/sports/soccer/afc.cup/scoreboard,,,not-run,not-run,not-run,
espn:soccer:fifa.cwc,FIFA Club World Cup,soccer,W2-team-and-soccer,candidate,directory-only,https://site.api.espn.com/apis/site/v2/sports/soccer/fifa.cwc/scoreboard,,,not-run,not-run,not-run,
espn:soccer:fifa.olympics,Men's Olympic Soccer Tournament,soccer,W2-team-and-soccer,candidate,directory-only,https://site.api.espn.com/apis/site/v2/sports/soccer/fifa.olympics/scoreboard,,,not-run,not-run,not-run,
espn:soccer:fifa.w.olympics,Women's Olympic Soccer Tournament,soccer,W2-team-and-soccer,candidate,directory-only,https://site.api.espn.com/apis/site/v2/sports/soccer/fifa.w.olympics/scoreboard,,,not-run,not-run,not-run,
espn:soccer:concacaf.gold,Concacaf Gold Cup,soccer,W2-team-and-soccer,candidate,directory-only,https://site.api.espn.com/apis/site/v2/sports/soccer/concacaf.gold/scoreboard,,,not-run,not-run,not-run,
espn:soccer:concacaf.gold_qual,Concacaf Gold Cup Qualifying,soccer,W2-team-and-soccer,candidate,directory-only,https://site.api.espn.com/apis/site/v2/sports/soccer/concacaf.gold_qual/scoreboard,,,not-run,not-run,not-run,
espn:soccer:concacaf.w.gold,Concacaf W Gold Cup,soccer,W2-team-and-soccer,candidate,directory-only,https://site.api.espn.com/apis/site/v2/sports/soccer/concacaf.w.gold/scoreboard,,,not-run,not-run,not-run,
espn:soccer:concacaf.confederations_playoff,Concacaf Cup,soccer,W2-team-and-soccer,candidate,directory-only,https://site.api.espn.com/apis/site/v2/sports/soccer/concacaf.confederations_playoff/scoreboard,,,not-run,not-run,not-run,
espn:soccer:concacaf.w.champions_cup,Concacaf W Champions Cup,soccer,W2-team-and-soccer,candidate,directory-only,https://site.api.espn.com/apis/site/v2/sports/soccer/concacaf.w.champions_cup/scoreboard,,,not-run,not-run,not-run,
espn:soccer:concacaf.womens.championship,Concacaf W Championship,soccer,W2-team-and-soccer,candidate,directory-only,https://site.api.espn.com/apis/site/v2/sports/soccer/concacaf.womens.championship/scoreboard,,,not-run,not-run,not-run,
espn:soccer:uefa.euro,UEFA European Championship,soccer,W2-team-and-soccer,candidate,sample-returned,https://site.api.espn.com/apis/site/v2/sports/soccer/uefa.euro/scoreboard,2024-07-14T19:00Z,,not-run,not-run,not-run,Returned event predates 2026; validate current coverage or legitimate tournament cycle
espn:soccer:uefa.euroq,UEFA European Championship Qualifying,soccer,W2-team-and-soccer,candidate,directory-only,https://site.api.espn.com/apis/site/v2/sports/soccer/uefa.euroq/scoreboard,,,not-run,not-run,not-run,
espn:soccer:uefa.weuro,UEFA Women's European Championship,soccer,W2-team-and-soccer,candidate,directory-only,https://site.api.espn.com/apis/site/v2/sports/soccer/uefa.weuro/scoreboard,,,not-run,not-run,not-run,
espn:soccer:uefa.euro_u21,UEFA European Under-21 Championship,soccer,W2-team-and-soccer,candidate,directory-only,https://site.api.espn.com/apis/site/v2/sports/soccer/uefa.euro_u21/scoreboard,,,not-run,not-run,not-run,
espn:soccer:uefa.super_cup,UEFA Super Cup,soccer,W2-team-and-soccer,candidate,directory-only,https://site.api.espn.com/apis/site/v2/sports/soccer/uefa.super_cup/scoreboard,,,not-run,not-run,not-run,
espn:soccer:conmebol.america,Copa América,soccer,W2-team-and-soccer,candidate,directory-only,https://site.api.espn.com/apis/site/v2/sports/soccer/conmebol.america/scoreboard,,,not-run,not-run,not-run,
espn:soccer:conmebol.america.femenina,Copa América Femenina,soccer,W2-team-and-soccer,candidate,directory-only,https://site.api.espn.com/apis/site/v2/sports/soccer/conmebol.america.femenina/scoreboard,,,not-run,not-run,not-run,
espn:soccer:usa.usl.1,USL Championship,soccer,W2-team-and-soccer,candidate,sample-returned,https://site.api.espn.com/apis/site/v2/sports/soccer/usa.usl.1/scoreboard,2026-09-25T23:00Z,,not-run,not-run,not-run,
espn:soccer:usa.usl.l1,USL League One,soccer,W2-team-and-soccer,candidate,directory-only,https://site.api.espn.com/apis/site/v2/sports/soccer/usa.usl.l1/scoreboard,,,not-run,not-run,not-run,
espn:soccer:usa.usl.l1.cup,USL Cup,soccer,W2-team-and-soccer,candidate,directory-only,https://site.api.espn.com/apis/site/v2/sports/soccer/usa.usl.l1.cup/scoreboard,,,not-run,not-run,not-run,
espn:soccer:mex.2,Mexican Liga de Expansión MX,soccer,W2-team-and-soccer,candidate,directory-only,https://site.api.espn.com/apis/site/v2/sports/soccer/mex.2/scoreboard,,,not-run,not-run,not-run,
espn:soccer:global.finalissima,CONMEBOL-UEFA Cup of Champions,soccer,W2-team-and-soccer,candidate,directory-only,https://site.api.espn.com/apis/site/v2/sports/soccer/global.finalissima/scoreboard,,,not-run,not-run,not-run,
espn:soccer:global.u20.intercontinental_cup,CONMEBOL-UEFA U20 Intercontinental Cup,soccer,W2-team-and-soccer,candidate,directory-only,https://site.api.espn.com/apis/site/v2/sports/soccer/global.u20.intercontinental_cup/scoreboard,,,not-run,not-run,not-run,
espn:soccer:global.w.finalissima,CONMEBOL-UEFA Women's Cup of Champions,soccer,W2-team-and-soccer,candidate,directory-only,https://site.api.espn.com/apis/site/v2/sports/soccer/global.w.finalissima/scoreboard,,,not-run,not-run,not-run,
espn:soccer:fifa.world.u20,FIFA Under-20 World Cup,soccer,W2-team-and-soccer,candidate,directory-only,https://site.api.espn.com/apis/site/v2/sports/soccer/fifa.world.u20/scoreboard,,,not-run,not-run,not-run,
espn:soccer:afc.asian.cup,AFC Asian Cup,soccer,W2-team-and-soccer,candidate,directory-only,https://site.api.espn.com/apis/site/v2/sports/soccer/afc.asian.cup/scoreboard,,,not-run,not-run,not-run,
espn:soccer:afc.w.asian.cup,AFC Women's Asian Cup,soccer,W2-team-and-soccer,candidate,directory-only,https://site.api.espn.com/apis/site/v2/sports/soccer/afc.w.asian.cup/scoreboard,,,not-run,not-run,not-run,
espn:soccer:afc.cupq,AFC Asian Cup Qualifiers,soccer,W2-team-and-soccer,candidate,directory-only,https://site.api.espn.com/apis/site/v2/sports/soccer/afc.cupq/scoreboard,,,not-run,not-run,not-run,
espn:soccer:aff.championship,ASEAN Championship,soccer,W2-team-and-soccer,candidate,directory-only,https://site.api.espn.com/apis/site/v2/sports/soccer/aff.championship/scoreboard,,,not-run,not-run,not-run,
espn:soccer:caf.w.nations,Women's Africa Cup of Nations,soccer,W2-team-and-soccer,candidate,directory-only,https://site.api.espn.com/apis/site/v2/sports/soccer/caf.w.nations/scoreboard,,,not-run,not-run,not-run,
espn:soccer:caf.championship,African Nations Championship,soccer,W2-team-and-soccer,candidate,directory-only,https://site.api.espn.com/apis/site/v2/sports/soccer/caf.championship/scoreboard,,,not-run,not-run,not-run,
espn:soccer:can.w.nsl,Northern Super League,soccer,W2-team-and-soccer,candidate,directory-only,https://site.api.espn.com/apis/site/v2/sports/soccer/can.w.nsl/scoreboard,,,not-run,not-run,not-run,
espn:soccer:uefa.europa_qual,UEFA Europa League Qualifying,soccer,W2-team-and-soccer,candidate,directory-only,https://site.api.espn.com/apis/site/v2/sports/soccer/uefa.europa_qual/scoreboard,,,not-run,not-run,not-run,
espn:soccer:uefa.europa.conf_qual,UEFA Conference League Qualifying,soccer,W2-team-and-soccer,candidate,directory-only,https://site.api.espn.com/apis/site/v2/sports/soccer/uefa.europa.conf_qual/scoreboard,,,not-run,not-run,not-run,
espn:soccer:uefa.w.europa,UEFA Women's Europa Cup,soccer,W2-team-and-soccer,candidate,directory-only,https://site.api.espn.com/apis/site/v2/sports/soccer/uefa.w.europa/scoreboard,,,not-run,not-run,not-run,
espn:soccer:fifa.intercontinental_cup,FIFA Intercontinental Cup,soccer,W2-team-and-soccer,candidate,directory-only,https://site.api.espn.com/apis/site/v2/sports/soccer/fifa.intercontinental_cup/scoreboard,,,not-run,not-run,not-run,
espn:soccer:afc.champions_qual,AFC Champions League Elite Qualifying,soccer,W2-team-and-soccer,candidate,directory-only,https://site.api.espn.com/apis/site/v2/sports/soccer/afc.champions_qual/scoreboard,,,not-run,not-run,not-run,
espn:soccer:afc.cup_qual,AFC Champions League Two Qualifying,soccer,W2-team-and-soccer,candidate,directory-only,https://site.api.espn.com/apis/site/v2/sports/soccer/afc.cup_qual/scoreboard,,,not-run,not-run,not-run,
espn:soccer:club.friendly,Club Friendly,soccer,W2-team-and-soccer,candidate,directory-only,https://site.api.espn.com/apis/site/v2/sports/soccer/club.friendly/scoreboard,,,not-run,not-run,not-run,
espn:soccer:nonfifa,Non-FIFA Friendly,soccer,W2-team-and-soccer,candidate,directory-only,https://site.api.espn.com/apis/site/v2/sports/soccer/nonfifa/scoreboard,,,not-run,not-run,not-run,
espn:soccer:rus.1,Russian Premier League,soccer,W2-team-and-soccer,candidate,directory-only,https://site.api.espn.com/apis/site/v2/sports/soccer/rus.1/scoreboard,,,not-run,not-run,not-run,
espn:soccer:rus.1.promotion.relegation,Russian Premier League Relegation/Promotion Playoffs,soccer,W2-team-and-soccer,candidate,directory-only,https://site.api.espn.com/apis/site/v2/sports/soccer/rus.1.promotion.relegation/scoreboard,,,not-run,not-run,not-run,
espn:soccer:bel.1,Belgian Pro League,soccer,W2-team-and-soccer,candidate,directory-only,https://site.api.espn.com/apis/site/v2/sports/soccer/bel.1/scoreboard,,,not-run,not-run,not-run,
espn:soccer:bel.promotion.relegation,Belgian Pro League Promotion/Relegation Playoffs,soccer,W2-team-and-soccer,candidate,directory-only,https://site.api.espn.com/apis/site/v2/sports/soccer/bel.promotion.relegation/scoreboard,,,not-run,not-run,not-run,
espn:soccer:esp.2,Spanish LALIGA 2,soccer,W2-team-and-soccer,candidate,directory-only,https://site.api.espn.com/apis/site/v2/sports/soccer/esp.2/scoreboard,,,not-run,not-run,not-run,
espn:soccer:ger.2,German 2. Bundesliga,soccer,W2-team-and-soccer,candidate,directory-only,https://site.api.espn.com/apis/site/v2/sports/soccer/ger.2/scoreboard,,,not-run,not-run,not-run,
espn:soccer:ita.2,Italian Serie B,soccer,W2-team-and-soccer,candidate,directory-only,https://site.api.espn.com/apis/site/v2/sports/soccer/ita.2/scoreboard,,,not-run,not-run,not-run,
espn:soccer:fra.1.promotion.relegation,French Ligue 1 Promotion/Relegation Playoffs,soccer,W2-team-and-soccer,candidate,directory-only,https://site.api.espn.com/apis/site/v2/sports/soccer/fra.1.promotion.relegation/scoreboard,,,not-run,not-run,not-run,
espn:soccer:fra.2,French Ligue 2,soccer,W2-team-and-soccer,candidate,directory-only,https://site.api.espn.com/apis/site/v2/sports/soccer/fra.2/scoreboard,,,not-run,not-run,not-run,
espn:soccer:por.1.promotion.relegation,Portuguese Primeira Liga Promotion/Relegation Playoffs,soccer,W2-team-and-soccer,candidate,directory-only,https://site.api.espn.com/apis/site/v2/sports/soccer/por.1.promotion.relegation/scoreboard,,,not-run,not-run,not-run,
espn:soccer:aut.1,Austrian Bundesliga,soccer,W2-team-and-soccer,candidate,directory-only,https://site.api.espn.com/apis/site/v2/sports/soccer/aut.1/scoreboard,,,not-run,not-run,not-run,
espn:soccer:gre.1,Greek Super League,soccer,W2-team-and-soccer,candidate,directory-only,https://site.api.espn.com/apis/site/v2/sports/soccer/gre.1/scoreboard,,,not-run,not-run,not-run,
espn:soccer:chn.1,Chinese Super League,soccer,W2-team-and-soccer,candidate,directory-only,https://site.api.espn.com/apis/site/v2/sports/soccer/chn.1/scoreboard,,,not-run,not-run,not-run,
espn:soccer:global.club_challenge,CONMEBOL-UEFA Club Challenge,soccer,W2-team-and-soccer,candidate,directory-only,https://site.api.espn.com/apis/site/v2/sports/soccer/global.club_challenge/scoreboard,,,not-run,not-run,not-run,
espn:soccer:ned.supercup,Dutch Johan Cruyff Shield,soccer,W2-team-and-soccer,candidate,directory-only,https://site.api.espn.com/apis/site/v2/sports/soccer/ned.supercup/scoreboard,,,not-run,not-run,not-run,
espn:soccer:global.pinatar_cup,Pinatar Cup,soccer,W2-team-and-soccer,candidate,directory-only,https://site.api.espn.com/apis/site/v2/sports/soccer/global.pinatar_cup/scoreboard,,,not-run,not-run,not-run,
espn:soccer:friendly.emirates_cup,Emirates Cup,soccer,W2-team-and-soccer,candidate,directory-only,https://site.api.espn.com/apis/site/v2/sports/soccer/friendly.emirates_cup/scoreboard,,,not-run,not-run,not-run,
espn:soccer:esp.joan_gamper,Trofeo Joan Gamper,soccer,W2-team-and-soccer,candidate,directory-only,https://site.api.espn.com/apis/site/v2/sports/soccer/esp.joan_gamper/scoreboard,,,not-run,not-run,not-run,
espn:soccer:jpn.world_challenge,Japanese J.League World Challenge,soccer,W2-team-and-soccer,candidate,directory-only,https://site.api.espn.com/apis/site/v2/sports/soccer/jpn.world_challenge/scoreboard,,,not-run,not-run,not-run,
espn:soccer:global.arnold.clark_cup,Arnold Clark Cup,soccer,W2-team-and-soccer,candidate,directory-only,https://site.api.espn.com/apis/site/v2/sports/soccer/global.arnold.clark_cup/scoreboard,,,not-run,not-run,not-run,
espn:soccer:fifa.conmebol.olympicsq,CONMEBOL Pre-Olympic Tournament,soccer,W2-team-and-soccer,candidate,directory-only,https://site.api.espn.com/apis/site/v2/sports/soccer/fifa.conmebol.olympicsq/scoreboard,,,not-run,not-run,not-run,
espn:soccer:fifa.concacaf.olympicsq,Men's Olympic Qualifying Playoff,soccer,W2-team-and-soccer,candidate,directory-only,https://site.api.espn.com/apis/site/v2/sports/soccer/fifa.concacaf.olympicsq/scoreboard,,,not-run,not-run,not-run,
espn:soccer:fifa.w.concacaf.olympicsq,Concacaf Women's Olympic Qualifying,soccer,W2-team-and-soccer,candidate,directory-only,https://site.api.espn.com/apis/site/v2/sports/soccer/fifa.w.concacaf.olympicsq/scoreboard,,,not-run,not-run,not-run,
espn:soccer:fifa.world.u17,FIFA Under-17 World Cup,soccer,W2-team-and-soccer,candidate,directory-only,https://site.api.espn.com/apis/site/v2/sports/soccer/fifa.world.u17/scoreboard,,,not-run,not-run,not-run,
espn:soccer:fifa.wworld.u17,FIFA Under-17 Women's World Cup,soccer,W2-team-and-soccer,candidate,directory-only,https://site.api.espn.com/apis/site/v2/sports/soccer/fifa.wworld.u17/scoreboard,,,not-run,not-run,not-run,
espn:soccer:uefa.euro_u21_qual,UEFA European Under-21 Championship Qualifying,soccer,W2-team-and-soccer,candidate,directory-only,https://site.api.espn.com/apis/site/v2/sports/soccer/uefa.euro_u21_qual/scoreboard,,,not-run,not-run,not-run,
espn:soccer:uefa.euro.u19,UEFA European Under-19 Championship,soccer,W2-team-and-soccer,candidate,directory-only,https://site.api.espn.com/apis/site/v2/sports/soccer/uefa.euro.u19/scoreboard,,,not-run,not-run,not-run,
espn:soccer:fifa.friendly_u21,Under-21 International Friendly,soccer,W2-team-and-soccer,candidate,directory-only,https://site.api.espn.com/apis/site/v2/sports/soccer/fifa.friendly_u21/scoreboard,,,not-run,not-run,not-run,
espn:soccer:ger.2.promotion.relegation,German Bundesliga 2. Promotion/Relegation Playoffs,soccer,W2-team-and-soccer,candidate,directory-only,https://site.api.espn.com/apis/site/v2/sports/soccer/ger.2.promotion.relegation/scoreboard,,,not-run,not-run,not-run,
espn:soccer:eng.trophy,English EFL Trophy,soccer,W2-team-and-soccer,candidate,directory-only,https://site.api.espn.com/apis/site/v2/sports/soccer/eng.trophy/scoreboard,,,not-run,not-run,not-run,
espn:soccer:eng.3,English League One,soccer,W2-team-and-soccer,candidate,directory-only,https://site.api.espn.com/apis/site/v2/sports/soccer/eng.3/scoreboard,,,not-run,not-run,not-run,
espn:soccer:eng.4,English League Two,soccer,W2-team-and-soccer,candidate,directory-only,https://site.api.espn.com/apis/site/v2/sports/soccer/eng.4/scoreboard,,,not-run,not-run,not-run,
espn:soccer:eng.5,English National League,soccer,W2-team-and-soccer,candidate,directory-only,https://site.api.espn.com/apis/site/v2/sports/soccer/eng.5/scoreboard,,,not-run,not-run,not-run,
espn:soccer:eng.fa_qual,English FA Cup Qualifying,soccer,W2-team-and-soccer,candidate,directory-only,https://site.api.espn.com/apis/site/v2/sports/soccer/eng.fa_qual/scoreboard,,,not-run,not-run,not-run,
espn:soccer:sco.1.promotion.relegation,Scottish Premiership Promotion/Relegation Playoffs,soccer,W2-team-and-soccer,candidate,directory-only,https://site.api.espn.com/apis/site/v2/sports/soccer/sco.1.promotion.relegation/scoreboard,,,not-run,not-run,not-run,
espn:soccer:sco.2,Scottish Championship,soccer,W2-team-and-soccer,candidate,directory-only,https://site.api.espn.com/apis/site/v2/sports/soccer/sco.2/scoreboard,,,not-run,not-run,not-run,
espn:soccer:sco.2.promotion.relegation,Scottish Championship Promotion/Relegation Playoffs,soccer,W2-team-and-soccer,candidate,directory-only,https://site.api.espn.com/apis/site/v2/sports/soccer/sco.2.promotion.relegation/scoreboard,,,not-run,not-run,not-run,
espn:soccer:sco.challenge,Scottish League Challenge Cup,soccer,W2-team-and-soccer,candidate,directory-only,https://site.api.espn.com/apis/site/v2/sports/soccer/sco.challenge/scoreboard,,,not-run,not-run,not-run,
espn:soccer:sco.tennents_qual,Scottish Cup Qualifying,soccer,W2-team-and-soccer,candidate,directory-only,https://site.api.espn.com/apis/site/v2/sports/soccer/sco.tennents_qual/scoreboard,,,not-run,not-run,not-run,
espn:soccer:ned.playoff.relegation,Dutch Eredivisie Promotion/Relegation Playoffs,soccer,W2-team-and-soccer,candidate,directory-only,https://site.api.espn.com/apis/site/v2/sports/soccer/ned.playoff.relegation/scoreboard,,,not-run,not-run,not-run,
espn:soccer:ned.2,Dutch Keuken Kampioen Divisie,soccer,W2-team-and-soccer,candidate,directory-only,https://site.api.espn.com/apis/site/v2/sports/soccer/ned.2/scoreboard,,,not-run,not-run,not-run,
espn:soccer:ned.3.promotion.relegation,Dutch Tweede Divisie Promotion/Relegation Playoffs,soccer,W2-team-and-soccer,candidate,directory-only,https://site.api.espn.com/apis/site/v2/sports/soccer/ned.3.promotion.relegation/scoreboard,,,not-run,not-run,not-run,
espn:soccer:ned.w.knvb_cup,Dutch KNVB Beker Vrouwen,soccer,W2-team-and-soccer,candidate,directory-only,https://site.api.espn.com/apis/site/v2/sports/soccer/ned.w.knvb_cup/scoreboard,,,not-run,not-run,not-run,
espn:soccer:ned.w.1,Dutch Vrouwen Eredivisie,soccer,W2-team-and-soccer,candidate,directory-only,https://site.api.espn.com/apis/site/v2/sports/soccer/ned.w.1/scoreboard,,,not-run,not-run,not-run,
espn:soccer:swe.1,Swedish Allsvenskan,soccer,W2-team-and-soccer,candidate,directory-only,https://site.api.espn.com/apis/site/v2/sports/soccer/swe.1/scoreboard,,,not-run,not-run,not-run,
espn:soccer:swe.1.promotion.relegation,Swedish Allsvenskan Promotion/Relegation Playoffs,soccer,W2-team-and-soccer,candidate,directory-only,https://site.api.espn.com/apis/site/v2/sports/soccer/swe.1.promotion.relegation/scoreboard,,,not-run,not-run,not-run,
espn:soccer:den.1,Danish Superliga,soccer,W2-team-and-soccer,candidate,directory-only,https://site.api.espn.com/apis/site/v2/sports/soccer/den.1/scoreboard,,,not-run,not-run,not-run,
espn:soccer:nor.1.promotion.relegation,Norwegian Eliteserien Promotion/Relegation Playoffs,soccer,W2-team-and-soccer,candidate,directory-only,https://site.api.espn.com/apis/site/v2/sports/soccer/nor.1.promotion.relegation/scoreboard,,,not-run,not-run,not-run,
espn:soccer:nor.1,Norwegian Eliteserien,soccer,W2-team-and-soccer,candidate,directory-only,https://site.api.espn.com/apis/site/v2/sports/soccer/nor.1/scoreboard,,,not-run,not-run,not-run,
espn:soccer:conmebol.sudamericana,CONMEBOL Sudamericana,soccer,W2-team-and-soccer,candidate,directory-only,https://site.api.espn.com/apis/site/v2/sports/soccer/conmebol.sudamericana/scoreboard,,,not-run,not-run,not-run,
espn:soccer:conmebol.recopa,CONMEBOL Recopa,soccer,W2-team-and-soccer,candidate,directory-only,https://site.api.espn.com/apis/site/v2/sports/soccer/conmebol.recopa/scoreboard,,,not-run,not-run,not-run,
espn:soccer:arg.1,Argentine Liga Profesional de Fútbol,soccer,W2-team-and-soccer,candidate,directory-only,https://site.api.espn.com/apis/site/v2/sports/soccer/arg.1/scoreboard,,,not-run,not-run,not-run,
espn:soccer:arg.copa,Copa Argentina,soccer,W2-team-and-soccer,candidate,directory-only,https://site.api.espn.com/apis/site/v2/sports/soccer/arg.copa/scoreboard,,,not-run,not-run,not-run,
espn:soccer:arg.copa_de_la_superliga,Argentine Copa de la Superliga,soccer,W2-team-and-soccer,candidate,directory-only,https://site.api.espn.com/apis/site/v2/sports/soccer/arg.copa_de_la_superliga/scoreboard,,,not-run,not-run,not-run,
espn:soccer:arg.trofeo_de_la_campeones,Argentine Trofeo de Campeones,soccer,W2-team-and-soccer,candidate,directory-only,https://site.api.espn.com/apis/site/v2/sports/soccer/arg.trofeo_de_la_campeones/scoreboard,,,not-run,not-run,not-run,
espn:soccer:arg.2,Argentine Nacional B,soccer,W2-team-and-soccer,candidate,directory-only,https://site.api.espn.com/apis/site/v2/sports/soccer/arg.2/scoreboard,,,not-run,not-run,not-run,
espn:soccer:arg.supercopa,Argentine Supercopa,soccer,W2-team-and-soccer,candidate,directory-only,https://site.api.espn.com/apis/site/v2/sports/soccer/arg.supercopa/scoreboard,,,not-run,not-run,not-run,
espn:soccer:arg.supercopa.internacional,Argentine Supercopa Internacional,soccer,W2-team-and-soccer,candidate,directory-only,https://site.api.espn.com/apis/site/v2/sports/soccer/arg.supercopa.internacional/scoreboard,,,not-run,not-run,not-run,
espn:soccer:arg.3,Argentine Primera B,soccer,W2-team-and-soccer,candidate,directory-only,https://site.api.espn.com/apis/site/v2/sports/soccer/arg.3/scoreboard,,,not-run,not-run,not-run,
espn:soccer:bra.supercopa_do_brazil,Brazilian Supercopa Rei,soccer,W2-team-and-soccer,candidate,directory-only,https://site.api.espn.com/apis/site/v2/sports/soccer/bra.supercopa_do_brazil/scoreboard,,,not-run,not-run,not-run,
espn:soccer:bra.1,Brazilian Serie A,soccer,W2-team-and-soccer,candidate,directory-only,https://site.api.espn.com/apis/site/v2/sports/soccer/bra.1/scoreboard,,,not-run,not-run,not-run,
espn:soccer:bra.2,Brazilian Serie B,soccer,W2-team-and-soccer,candidate,directory-only,https://site.api.espn.com/apis/site/v2/sports/soccer/bra.2/scoreboard,,,not-run,not-run,not-run,
espn:soccer:bra.copa_do_brazil,Copa do Brasil,soccer,W2-team-and-soccer,candidate,directory-only,https://site.api.espn.com/apis/site/v2/sports/soccer/bra.copa_do_brazil/scoreboard,,,not-run,not-run,not-run,
espn:soccer:bra.camp.carioca,Brazilian Campeonato Carioca,soccer,W2-team-and-soccer,candidate,directory-only,https://site.api.espn.com/apis/site/v2/sports/soccer/bra.camp.carioca/scoreboard,,,not-run,not-run,not-run,
espn:soccer:bra.camp.paulista,Brazilian Campeonato Paulista,soccer,W2-team-and-soccer,candidate,directory-only,https://site.api.espn.com/apis/site/v2/sports/soccer/bra.camp.paulista/scoreboard,,,not-run,not-run,not-run,
espn:soccer:bra.camp.gaucho,Brazilian Campeonato Gaucho,soccer,W2-team-and-soccer,candidate,directory-only,https://site.api.espn.com/apis/site/v2/sports/soccer/bra.camp.gaucho/scoreboard,,,not-run,not-run,not-run,
espn:soccer:bra.camp.mineiro,Brazilian Campeonato Mineiro,soccer,W2-team-and-soccer,candidate,directory-only,https://site.api.espn.com/apis/site/v2/sports/soccer/bra.camp.mineiro/scoreboard,,,not-run,not-run,not-run,
espn:soccer:chi.super_cup,Chilean Supercopa,soccer,W2-team-and-soccer,candidate,directory-only,https://site.api.espn.com/apis/site/v2/sports/soccer/chi.super_cup/scoreboard,,,not-run,not-run,not-run,
espn:soccer:chi.1,Chilean Primera División,soccer,W2-team-and-soccer,candidate,directory-only,https://site.api.espn.com/apis/site/v2/sports/soccer/chi.1/scoreboard,,,not-run,not-run,not-run,
espn:soccer:chi.1.promotion.relegation,Chilean Primera División Promotion/Relegation Playoffs,soccer,W2-team-and-soccer,candidate,directory-only,https://site.api.espn.com/apis/site/v2/sports/soccer/chi.1.promotion.relegation/scoreboard,,,not-run,not-run,not-run,
espn:soccer:chi.copa_chi,Copa Chile,soccer,W2-team-and-soccer,candidate,directory-only,https://site.api.espn.com/apis/site/v2/sports/soccer/chi.copa_chi/scoreboard,,,not-run,not-run,not-run,
espn:soccer:uru.1,Liga AUF Uruguaya,soccer,W2-team-and-soccer,candidate,directory-only,https://site.api.espn.com/apis/site/v2/sports/soccer/uru.1/scoreboard,,,not-run,not-run,not-run,
espn:soccer:uru.2,Segunda División de Uruguay,soccer,W2-team-and-soccer,candidate,directory-only,https://site.api.espn.com/apis/site/v2/sports/soccer/uru.2/scoreboard,,,not-run,not-run,not-run,
espn:soccer:col.superliga,Colombian Superliga,soccer,W2-team-and-soccer,candidate,directory-only,https://site.api.espn.com/apis/site/v2/sports/soccer/col.superliga/scoreboard,,,not-run,not-run,not-run,
espn:soccer:col.1,Colombian Primera A,soccer,W2-team-and-soccer,candidate,directory-only,https://site.api.espn.com/apis/site/v2/sports/soccer/col.1/scoreboard,,,not-run,not-run,not-run,
espn:soccer:col.copa,Copa Colombia,soccer,W2-team-and-soccer,candidate,directory-only,https://site.api.espn.com/apis/site/v2/sports/soccer/col.copa/scoreboard,,,not-run,not-run,not-run,
espn:soccer:per.1,Peruvian Liga 1,soccer,W2-team-and-soccer,candidate,directory-only,https://site.api.espn.com/apis/site/v2/sports/soccer/per.1/scoreboard,,,not-run,not-run,not-run,
espn:soccer:par.1,Paraguayan Primera División,soccer,W2-team-and-soccer,candidate,directory-only,https://site.api.espn.com/apis/site/v2/sports/soccer/par.1/scoreboard,,,not-run,not-run,not-run,
espn:soccer:par.1.supercopa,Paraguayan Supercopa,soccer,W2-team-and-soccer,candidate,directory-only,https://site.api.espn.com/apis/site/v2/sports/soccer/par.1.supercopa/scoreboard,,,not-run,not-run,not-run,
espn:soccer:ecu.1,LigaPro Ecuador,soccer,W2-team-and-soccer,candidate,directory-only,https://site.api.espn.com/apis/site/v2/sports/soccer/ecu.1/scoreboard,,,not-run,not-run,not-run,
espn:soccer:ven.1,Venezuelan Primera División,soccer,W2-team-and-soccer,candidate,directory-only,https://site.api.espn.com/apis/site/v2/sports/soccer/ven.1/scoreboard,,,not-run,not-run,not-run,
espn:soccer:bol.ply.rel,Bolivian Liga Profesional Promotion/Relegation Playoffs,soccer,W2-team-and-soccer,candidate,directory-only,https://site.api.espn.com/apis/site/v2/sports/soccer/bol.ply.rel/scoreboard,,,not-run,not-run,not-run,
espn:soccer:bol.copa,Copa Bolivia,soccer,W2-team-and-soccer,candidate,directory-only,https://site.api.espn.com/apis/site/v2/sports/soccer/bol.copa/scoreboard,,,not-run,not-run,not-run,
espn:soccer:bol.1,Bolivian Liga Profesional,soccer,W2-team-and-soccer,candidate,directory-only,https://site.api.espn.com/apis/site/v2/sports/soccer/bol.1/scoreboard,,,not-run,not-run,not-run,
espn:soccer:jpn.1,Japanese J.League,soccer,W2-team-and-soccer,candidate,directory-only,https://site.api.espn.com/apis/site/v2/sports/soccer/jpn.1/scoreboard,,,not-run,not-run,not-run,
espn:soccer:mex.campeon,Mexican Campeon de Campeones,soccer,W2-team-and-soccer,candidate,directory-only,https://site.api.espn.com/apis/site/v2/sports/soccer/mex.campeon/scoreboard,,,not-run,not-run,not-run,
espn:soccer:concacaf.central.american.cup,Concacaf Central American Cup,soccer,W2-team-and-soccer,candidate,directory-only,https://site.api.espn.com/apis/site/v2/sports/soccer/concacaf.central.american.cup/scoreboard,,,not-run,not-run,not-run,
espn:soccer:concacaf.champions_cup,CONCACAF Champions Cup,soccer,W2-team-and-soccer,candidate,directory-only,https://site.api.espn.com/apis/site/v2/sports/soccer/concacaf.champions_cup/scoreboard,,,not-run,not-run,not-run,
espn:soccer:concacaf.u23,CONCACAF U23 Tournament,soccer,W2-team-and-soccer,candidate,directory-only,https://site.api.espn.com/apis/site/v2/sports/soccer/concacaf.u23/scoreboard,,,not-run,not-run,not-run,
espn:soccer:hon.1,Honduran Liga Nacional,soccer,W2-team-and-soccer,candidate,directory-only,https://site.api.espn.com/apis/site/v2/sports/soccer/hon.1/scoreboard,,,not-run,not-run,not-run,
espn:soccer:crc.1,Costa Rican Primera Division,soccer,W2-team-and-soccer,candidate,directory-only,https://site.api.espn.com/apis/site/v2/sports/soccer/crc.1/scoreboard,,,not-run,not-run,not-run,
espn:soccer:gua.1,Guatemalan Liga Nacional,soccer,W2-team-and-soccer,candidate,directory-only,https://site.api.espn.com/apis/site/v2/sports/soccer/gua.1/scoreboard,,,not-run,not-run,not-run,
espn:soccer:slv.1,Salvadoran Primera Division,soccer,W2-team-and-soccer,candidate,directory-only,https://site.api.espn.com/apis/site/v2/sports/soccer/slv.1/scoreboard,,,not-run,not-run,not-run,
espn:soccer:fifa.intercontinental.cup,Intercontinental Cup (India),soccer,W2-team-and-soccer,candidate,directory-only,https://site.api.espn.com/apis/site/v2/sports/soccer/fifa.intercontinental.cup/scoreboard,,,not-run,not-run,not-run,
espn:soccer:afc.saff.championship,SAFF Championship,soccer,W2-team-and-soccer,candidate,directory-only,https://site.api.espn.com/apis/site/v2/sports/soccer/afc.saff.championship/scoreboard,,,not-run,not-run,not-run,
espn:soccer:chn.1.promotion.relegation,Chinese Super League Promotion/Relegation Playoffs,soccer,W2-team-and-soccer,candidate,directory-only,https://site.api.espn.com/apis/site/v2/sports/soccer/chn.1.promotion.relegation/scoreboard,,,not-run,not-run,not-run,
espn:soccer:ind.1,Indian Super League,soccer,W2-team-and-soccer,candidate,directory-only,https://site.api.espn.com/apis/site/v2/sports/soccer/ind.1/scoreboard,,,not-run,not-run,not-run,
espn:soccer:global.gulf_cup,Arabian Gulf Cup,soccer,W2-team-and-soccer,candidate,directory-only,https://site.api.espn.com/apis/site/v2/sports/soccer/global.gulf_cup/scoreboard,,,not-run,not-run,not-run,
espn:soccer:caf.cosafa,COSAFA Cup,soccer,W2-team-and-soccer,candidate,directory-only,https://site.api.espn.com/apis/site/v2/sports/soccer/caf.cosafa/scoreboard,,,not-run,not-run,not-run,
espn:soccer:caf.champions,CAF Champions League,soccer,W2-team-and-soccer,candidate,directory-only,https://site.api.espn.com/apis/site/v2/sports/soccer/caf.champions/scoreboard,,,not-run,not-run,not-run,
espn:soccer:caf.confed,CAF Confederation Cup,soccer,W2-team-and-soccer,candidate,directory-only,https://site.api.espn.com/apis/site/v2/sports/soccer/caf.confed/scoreboard,,,not-run,not-run,not-run,
espn:soccer:rsa.1,South African Premiership,soccer,W2-team-and-soccer,candidate,directory-only,https://site.api.espn.com/apis/site/v2/sports/soccer/rsa.1/scoreboard,,,not-run,not-run,not-run,
espn:soccer:usa.ncaa.m.1,NCAA Men's Soccer,soccer,W2-team-and-soccer,candidate,directory-only,https://site.api.espn.com/apis/site/v2/sports/soccer/usa.ncaa.m.1/scoreboard,,,not-run,not-run,not-run,
espn:soccer:usa.ncaa.w.1,NCAA Women's Soccer,soccer,W2-team-and-soccer,candidate,directory-only,https://site.api.espn.com/apis/site/v2/sports/soccer/usa.ncaa.w.1/scoreboard,,,not-run,not-run,not-run,
espn:soccer:mex.w.1,Mexican Liga BBVA MX Femenil,soccer,W2-team-and-soccer,candidate,directory-only,https://site.api.espn.com/apis/site/v2/sports/soccer/mex.w.1/scoreboard,,,not-run,not-run,not-run,
espn:volleyball:mens-college-volleyball,NCAA Men's Volleyball,volleyball,W3-new-sports,candidate,sample-returned,https://site.api.espn.com/apis/site/v2/sports/volleyball/mens-college-volleyball/scoreboard,2026-05-11T23:00Z,,not-run,not-run,not-run,
espn:volleyball:womens-college-volleyball,NCAA Women's Volleyball,volleyball,W3-new-sports,candidate,sample-returned,https://site.api.espn.com/apis/site/v2/sports/volleyball/womens-college-volleyball/scoreboard,2026-09-24T22:00Z,,not-run,not-run,not-run,
espn:water-polo:mens-college-water-polo,NCAA Men's Water Polo,water-polo,W3-new-sports,candidate,sample-returned,https://site.api.espn.com/apis/site/v2/sports/water-polo/mens-college-water-polo/scoreboard,2025-12-07T23:00Z,,not-run,not-run,not-run,Returned event predates 2026; validate current coverage or legitimate tournament cycle
espn:water-polo:womens-college-water-polo,NCAA Women's Water Polo,water-polo,W3-new-sports,candidate,sample-returned,https://site.api.espn.com/apis/site/v2/sports/water-polo/womens-college-water-polo/scoreboard,2026-04-27T01:00Z,,not-run,not-run,not-run,
cricket-discovery-01,Men ICC ODI World Cup,cricket,W4-cricket,source-discovery,series-discovery-method-sampled; individual target unvalidated,https://site.api.espn.com/apis/site/v2/leagues/dropdown?region=us&lang=en&sport=cricket,,,not-run,not-run,not-run,Resolve recurring competition and season-specific series IDs; no invented numeric slugs
cricket-discovery-02,Women ICC ODI World Cup,cricket,W4-cricket,source-discovery,series-discovery-method-sampled; individual target unvalidated,https://site.api.espn.com/apis/site/v2/leagues/dropdown?region=us&lang=en&sport=cricket,,,not-run,not-run,not-run,Resolve recurring competition and season-specific series IDs; no invented numeric slugs
cricket-discovery-03,Men ICC T20 World Cup,cricket,W4-cricket,source-discovery,series-discovery-method-sampled; individual target unvalidated,https://site.api.espn.com/apis/site/v2/leagues/dropdown?region=us&lang=en&sport=cricket,,,not-run,not-run,not-run,Resolve recurring competition and season-specific series IDs; no invented numeric slugs
cricket-discovery-04,Women ICC T20 World Cup,cricket,W4-cricket,source-discovery,series-discovery-method-sampled; individual target unvalidated,https://site.api.espn.com/apis/site/v2/leagues/dropdown?region=us&lang=en&sport=cricket,,,not-run,not-run,not-run,Resolve recurring competition and season-specific series IDs; no invented numeric slugs
cricket-discovery-05,ICC Champions Trophy,cricket,W4-cricket,source-discovery,series-discovery-method-sampled; individual target unvalidated,https://site.api.espn.com/apis/site/v2/leagues/dropdown?region=us&lang=en&sport=cricket,,,not-run,not-run,not-run,Resolve recurring competition and season-specific series IDs; no invented numeric slugs
cricket-discovery-06,ICC World Test Championship,cricket,W4-cricket,source-discovery,series-discovery-method-sampled; individual target unvalidated,https://site.api.espn.com/apis/site/v2/leagues/dropdown?region=us&lang=en&sport=cricket,,,not-run,not-run,not-run,Resolve recurring competition and season-specific series IDs; no invented numeric slugs
cricket-discovery-07,International Test series including Ashes,cricket,W4-cricket,source-discovery,series-discovery-method-sampled; individual target unvalidated,https://site.api.espn.com/apis/site/v2/leagues/dropdown?region=us&lang=en&sport=cricket,,,not-run,not-run,not-run,Resolve recurring competition and season-specific series IDs; no invented numeric slugs
cricket-discovery-08,International ODI series,cricket,W4-cricket,source-discovery,series-discovery-method-sampled; individual target unvalidated,https://site.api.espn.com/apis/site/v2/leagues/dropdown?region=us&lang=en&sport=cricket,,,not-run,not-run,not-run,Resolve recurring competition and season-specific series IDs; no invented numeric slugs
cricket-discovery-09,International T20I series,cricket,W4-cricket,source-discovery,series-discovery-method-sampled; individual target unvalidated,https://site.api.espn.com/apis/site/v2/leagues/dropdown?region=us&lang=en&sport=cricket,,,not-run,not-run,not-run,Resolve recurring competition and season-specific series IDs; no invented numeric slugs
cricket-discovery-10,Big Bash League,cricket,W4-cricket,source-discovery,series-discovery-method-sampled; individual target unvalidated,https://site.api.espn.com/apis/site/v2/leagues/dropdown?region=us&lang=en&sport=cricket,,,not-run,not-run,not-run,Resolve recurring competition and season-specific series IDs; no invented numeric slugs
cricket-discovery-11,Women Big Bash League,cricket,W4-cricket,source-discovery,series-discovery-method-sampled; individual target unvalidated,https://site.api.espn.com/apis/site/v2/leagues/dropdown?region=us&lang=en&sport=cricket,,,not-run,not-run,not-run,Resolve recurring competition and season-specific series IDs; no invented numeric slugs
cricket-discovery-12,Pakistan Super League,cricket,W4-cricket,source-discovery,series-discovery-method-sampled; individual target unvalidated,https://site.api.espn.com/apis/site/v2/leagues/dropdown?region=us&lang=en&sport=cricket,,,not-run,not-run,not-run,Resolve recurring competition and season-specific series IDs; no invented numeric slugs
cricket-discovery-13,SA20,cricket,W4-cricket,source-discovery,series-discovery-method-sampled; individual target unvalidated,https://site.api.espn.com/apis/site/v2/leagues/dropdown?region=us&lang=en&sport=cricket,,,not-run,not-run,not-run,Resolve recurring competition and season-specific series IDs; no invented numeric slugs
cricket-discovery-14,Caribbean Premier League,cricket,W4-cricket,source-discovery,series-discovery-method-sampled; individual target unvalidated,https://site.api.espn.com/apis/site/v2/leagues/dropdown?region=us&lang=en&sport=cricket,,,not-run,not-run,not-run,Resolve recurring competition and season-specific series IDs; no invented numeric slugs
cricket-discovery-15,Major League Cricket,cricket,W4-cricket,source-discovery,series-discovery-method-sampled; individual target unvalidated,https://site.api.espn.com/apis/site/v2/leagues/dropdown?region=us&lang=en&sport=cricket,,,not-run,not-run,not-run,Resolve recurring competition and season-specific series IDs; no invented numeric slugs
cricket-discovery-16,The Hundred men,cricket,W4-cricket,source-discovery,series-discovery-method-sampled; individual target unvalidated,https://site.api.espn.com/apis/site/v2/leagues/dropdown?region=us&lang=en&sport=cricket,,,not-run,not-run,not-run,Resolve recurring competition and season-specific series IDs; no invented numeric slugs
cricket-discovery-17,The Hundred women,cricket,W4-cricket,source-discovery,series-discovery-method-sampled; individual target unvalidated,https://site.api.espn.com/apis/site/v2/leagues/dropdown?region=us&lang=en&sport=cricket,,,not-run,not-run,not-run,Resolve recurring competition and season-specific series IDs; no invented numeric slugs
cricket-discovery-18,Women Premier League,cricket,W4-cricket,source-discovery,series-discovery-method-sampled; individual target unvalidated,https://site.api.espn.com/apis/site/v2/leagues/dropdown?region=us&lang=en&sport=cricket,,,not-run,not-run,not-run,Resolve recurring competition and season-specific series IDs; no invented numeric slugs
cricket-discovery-19,Bangladesh Premier League,cricket,W4-cricket,source-discovery,series-discovery-method-sampled; individual target unvalidated,https://site.api.espn.com/apis/site/v2/leagues/dropdown?region=us&lang=en&sport=cricket,,,not-run,not-run,not-run,Resolve recurring competition and season-specific series IDs; no invented numeric slugs
cricket-discovery-20,Lanka Premier League,cricket,W4-cricket,source-discovery,series-discovery-method-sampled; individual target unvalidated,https://site.api.espn.com/apis/site/v2/leagues/dropdown?region=us&lang=en&sport=cricket,,,not-run,not-run,not-run,Resolve recurring competition and season-specific series IDs; no invented numeric slugs
cricket-discovery-21,International League T20,cricket,W4-cricket,source-discovery,series-discovery-method-sampled; individual target unvalidated,https://site.api.espn.com/apis/site/v2/leagues/dropdown?region=us&lang=en&sport=cricket,,,not-run,not-run,not-run,Resolve recurring competition and season-specific series IDs; no invented numeric slugs
additional:wrestling,Wrestling: college men and women,wrestling,W6-source-resolution,source-discovery,reference-or-provider-documentation-only,https://www.ncaa.com/sports/wrestling-men,,,not-run,not-run,not-run,Usable source and exact league/discipline mapping require validation
additional:gymnastics,Gymnastics: college men and women,gymnastics,W6-source-resolution,source-discovery,reference-or-provider-documentation-only,https://www.ncaa.com/sports/gymnastics-women,,,not-run,not-run,not-run,Usable source and exact league/discipline mapping require validation
additional:swimming-diving,Swimming/diving: college men and women,swimming-diving,W6-source-resolution,source-discovery,reference-or-provider-documentation-only,https://www.ncaa.com/sports/swimming-men,,,not-run,not-run,not-run,Usable source and exact league/discipline mapping require validation
additional:track-field,"Track/field: indoor and outdoor, college men and women",track-field,W6-source-resolution,source-discovery,reference-or-provider-documentation-only,https://www.ncaa.com/sports/trackfield-outdoor-men,,,not-run,not-run,not-run,Usable source and exact league/discipline mapping require validation
additional:volleyball,Professional volleyball outside NCAA,volleyball,W6-source-resolution,source-discovery,reference-or-provider-documentation-only,https://api-sports.io/documentation/volleyball/v1,,,not-run,not-run,not-run,Usable source and exact league/discipline mapping require validation
additional:boxing,Improve existing limited boxing coverage,boxing,W5-combat,source-discovery,reference-or-provider-documentation-only,https://www.thesportsdb.com/documentation,,,not-run,not-run,not-run,Usable source and exact league/discipline mapping require validation
